Datetime,Water Level (m)
2025-05-14 12:00:00,0.2631216
2025-05-14 13:00:00,0.2399543
2025-05-14 14:00:00,0.19723693
2025-05-14 15:00:00,0.14974739
2025-05-14 16:00:00,0.10339184
2025-05-14 17:00:00,0.06211295
2025-05-14 18:00:00,0.040478673
2025-05-14 19:00:00,0.06999566
2025-05-14 20:00:00,0.13062732
2025-05-14 21:00:00,0.18881668
2025-05-14 22:00:00,0.23791975
2025-05-14 23:00:00,0.26031286
2025-05-15 00:00:00,0.24256659
2025-05-15 01:00:00,0.19939718
2025-05-15 02:00:00,0.15429096
2025-05-15 03:00:00,0.10752614
2025-05-15 04:00:00,0.060737174
2025-05-15 05:00:00,0.015502974
2025-05-15 06:00:00,-0.0059010787
2025-05-15 07:00:00,0.029507142
2025-05-15 08:00:00,0.08983445
2025-05-15 09:00:00,0.19677156
2025-05-15 10:00:00,0.28450313
2025-05-15 11:00:00,0.34149083
2025-05-15 12:00:00,0.35033375
2025-05-15 13:00:00,0.3280057
2025-05-15 14:00:00,0.2844039
2025-05-15 15:00:00,0.23890078
2025-05-15 16:00:00,0.19065571
2025-05-15 17:00:00,0.14150003
2025-05-15 18:00:00,0.10478865
2025-05-15 19:00:00,0.10133347
2025-05-15 20:00:00,0.14583136
2025-05-15 21:00:00,0.20448473
2025-05-15 22:00:00,0.2541054
2025-05-15 23:00:00,0.28844127
2025-05-16 00:00:00,0.28780517
2025-05-16 01:00:00,0.2536414
2025-05-16 02:00:00,0.20953038
2025-05-16 03:00:00,0.1647111
2025-05-16 04:00:00,0.11804007
2025-05-16 05:00:00,0.072516605
2025-05-16 06:00:00,0.03621451
2025-05-16 07:00:00,0.040144924
2025-05-16 08:00:00,0.09311114
2025-05-16 09:00:00,0.17419004
2025-05-16 10:00:00,0.2811224
2025-05-16 11:00:00,0.35713845
2025-05-16 12:00:00,0.39487118
2025-05-16 13:00:00,0.38764358
2025-05-16 14:00:00,0.35734966
2025-05-16 15:00:00,0.31173918
2025-05-16 16:00:00,0.2630333
2025-05-16 17:00:00,0.2138747
2025-05-16 18:00:00,0.16883166
2025-05-16 19:00:00,0.14353305
2025-05-16 20:00:00,0.16662644
2025-05-16 21:00:00,0.22141868
2025-05-16 22:00:00,0.27166626
2025-05-16 23:00:00,0.31484288
2025-05-17 00:00:00,0.33457506
2025-05-17 01:00:00,0.31884545
2025-05-17 02:00:00,0.27968246
2025-05-17 03:00:00,0.23650427
2025-05-17 04:00:00,0.19143058
2025-05-17 05:00:00,0.14556436
2025-05-17 06:00:00,0.10611868
2025-05-17 07:00:00,0.084750615
2025-05-17 08:00:00,0.11609553
2025-05-17 09:00:00,0.18226406
2025-05-17 10:00:00,0.2722247
2025-05-17 11:00:00,0.35857132
2025-05-17 12:00:00,0.41824877
2025-05-17 13:00:00,0.43191913
2025-05-17 14:00:00,0.41811192
2025-05-17 15:00:00,0.38041997
2025-05-17 16:00:00,0.33486316
2025-05-17 17:00:00,0.28662583
2025-05-17 18:00:00,0.23992112
2025-05-17 19:00:00,0.202644
2025-05-17 20:00:00,0.1902334
2025-05-17 21:00:00,0.22047402
2025-05-17 22:00:00,0.27508566
2025-05-17 23:00:00,0.3211973
2025-05-18 00:00:00,0.35574937
2025-05-18 01:00:00,0.35997668
2025-05-18 02:00:00,0.33116415
2025-05-18 03:00:00,0.29133952
2025-05-18 04:00:00,0.2511173
2025-05-18 05:00:00,0.2083364
2025-05-18 06:00:00,0.16498294
2025-05-18 07:00:00,0.13185523
2025-05-18 08:00:00,0.126815
2025-05-18 09:00:00,0.16760932
2025-05-18 10:00:00,0.2368615
2025-05-18 11:00:00,0.3226486
2025-05-18 12:00:00,0.40048018
2025-05-18 13:00:00,0.44899827
2025-05-18 14:00:00,0.4565693
2025-05-18 15:00:00,0.4378274
2025-05-18 16:00:00,0.39861214
2025-05-18 17:00:00,0.35673052
2025-05-18 18:00:00,0.31348583
2025-05-18 19:00:00,0.2716631
2025-05-18 20:00:00,0.23839635
2025-05-18 21:00:00,0.22985518
2025-05-18 22:00:00,0.25928628
2025-05-18 23:00:00,0.30940682
2025-05-19 00:00:00,0.35091084
2025-05-19 01:00:00,0.38205233
2025-05-19 02:00:00,0.38780007
2025-05-19 03:00:00,0.36288348
2025-05-19 04:00:00,0.32645994
2025-05-19 05:00:00,0.28897807
2025-05-19 06:00:00,0.24948752
2025-05-19 07:00:00,0.21091545
2025-05-19 08:00:00,0.18151836
2025-05-19 09:00:00,0.18172391
2025-05-19 10:00:00,0.22214952
2025-05-19 11:00:00,0.28753844
2025-05-19 12:00:00,0.36100087
2025-05-19 13:00:00,0.43875858
2025-05-19 14:00:00,0.47832528
2025-05-19 15:00:00,0.48014534
2025-05-19 16:00:00,0.45630223
2025-05-19 17:00:00,0.4153858
2025-05-19 18:00:00,0.37382746
2025-05-19 19:00:00,0.33065766
2025-05-19 20:00:00,0.2881348
2025-05-19 21:00:00,0.2540321
2025-05-19 22:00:00,0.24272001
2025-05-19 23:00:00,0.265679
2025-05-20 00:00:00,0.31380826
2025-05-20 01:00:00,0.35728428
2025-05-20 02:00:00,0.3910441
2025-05-20 03:00:00,0.40272334
2025-05-20 04:00:00,0.3857708
2025-05-20 05:00:00,0.35262066
2025-05-20 06:00:00,0.31776115
2025-05-20 07:00:00,0.28040645
2025-05-20 08:00:00,0.24395932
2025-05-20 09:00:00,0.21748711
2025-05-20 10:00:00,0.2186144
2025-05-20 11:00:00,0.2635288
2025-05-20 12:00:00,0.330334
